index,speaker,split,utt_id,target_word,epsilon,steps,duration_sec,original_rms,perturbation_linf,perturbation_rms,snr_db,perturbation_to_signal_rms_ratio,perturbation_spectral_centroid_hz,perturbation_spectral_rolloff85_hz,mean_absolute_log_spectral_change_db,p95_absolute_log_spectral_change_db,perturbation_energy_fraction_0-0.5 kHz,perturbation_energy_fraction_0.5-2 kHz,perturbation_energy_fraction_2-4 kHz,perturbation_energy_fraction_4-8 kHz
0,F03,test,160,yankee,0.00014,3,1.215,0.03991718281089155,0.00014001131057739258,8.017189495145934e-05,53.942754684905125,0.0020084557402579055,4915.105103023777,7468.75,1.444793720828223,7.696015189609515,0.028460433746453476,0.14400610913049344,0.18601195308058358,0.6342687653294911
1,F03,test,138,hitting,0.00018,3,1.265,0.11480718909080227,0.0001800060272216797,0.00013990541836835543,58.28269098804044,0.0012186120004880766,4639.991443661439,7359.375,1.0653631096024205,4.258788205946656,0.01873043850482727,0.1544689531960166,0.2649244303414716,0.5547368592058202
2,M02,test,221,fitting,0.00016,3,3.165,0.1401053005403761,0.00016000866889953613,9.605618942196928e-05,63.27858424023083,0.0006855999669640438,4539.601087046342,7218.75,1.3002574851963382,6.296894109607127,0.01993381961113259,0.16831618593510977,0.2373946560470493,0.5677282349040188
3,M02,test,193,though,0.0001,3,1.3730625,0.07429364918630287,0.00010000169277191162,5.5831312334385956e-05,62.48147709032466,0.0007514950866712748,4642.520034109267,7265.625,2.245826948935783,8.26950730181225,0.024746661930360694,0.11997726072469217,0.2565898320939967,0.5909170143783767
4,F03,test,7,stubble,0.00016,3,0.9216875,0.030909180599454463,0.0001600012183189392,9.265305035423337e-05,50.464555404374224,0.002997589989683151,4233.197971607653,7265.625,1.2491248315062304,5.359804653178152,0.03125685234216405,0.1641704257055436,0.31996970784479645,0.476718487020363
5,F04,dev,163,eight,0.00014,3,4.595,0.05549515877882891,0.00014001131057739258,9.337767981756038e-05,55.480240392368316,0.0016826274917008336,4435.654765240908,7390.625,0.9077120465184715,3.142325331768015,0.027063053406043334,0.22707935823948103,0.2020532298947045,0.5347251104040992
6,M02,test,166,single,0.0001,3,2.212125,0.042528648652599144,0.00010000169277191162,5.847962783910753e-05,57.23353966192165,0.0013750643317356744,4194.770611220051,7140.625,1.680050731269473,6.497561847333254,0.027701925483343614,0.185617360487333,0.28638898380930083,0.4929645129189692
7,M03,test,272,thought,8e-05,3,2.52,0.08299405969415354,8.000433444976807e-05,3.9438723123768544e-05,66.46248326280607,0.0004751993488342007,4649.427839891818,7218.75,0.9494666100090671,4.329230560924195,0.02961221451006578,0.14154723069904607,0.2248518929089293,0.5977842499192094
8,M02,test,39,sticks,0.00012,2,2.549625,0.042307871078833485,0.0001200009137392044,8.83738721461766e-05,53.601945761013084,0.0020888281516578083,4224.926278047156,7187.5,2.1490119368050475,8.662301495310587,0.05198861759161479,0.18597150707390747,0.22599241886151064,0.5275451884454139
9,M04,test,212,urgent,0.0002,3,2.52,0.15154544377072365,0.00020000338554382324,0.00011815127160122025,62.162089674214734,0.0007796425195070452,5087.1413796950155,7406.25,2.068456189699187,10.825004910199766,0.019815049181362773,0.12238762744586372,0.18155232088340983,0.6693201305752833
10,M03,test,17,warm,0.00018,2,2.8,0.11141527605303062,0.0001800060272216797,0.000124767372198256,59.01687424849225,0.001119840802969156,4787.576249041191,7265.625,2.3495690083617693,12.292198977998286,0.02216629684949988,0.11194724225917979,0.24265668927192277,0.616948560520169
11,M02,test,204,urgent,0.00016,3,2.288375,0.06848110722775687,0.00016000866889953613,8.995406698841927e-05,57.630999403662315,0.0013135603472246276,4663.556987114397,7281.25,2.847470865247539,10.403126819098802,0.02343242128750728,0.13172005630096428,0.23716901380085478,0.6016328405965764
12,F01,dev,49,two,0.0001,3,1.5843125,0.025005461054480583,0.00010000169277191162,5.846165254054331e-05,52.623275582214276,0.0023379553935506383,4731.861138472513,7359.375,2.6824356978773425,11.630540929759613,0.023351404566328813,0.14215883764445983,0.23258764294541753,0.5934179505514774
13,M05,test,116,side,0.00014,3,3.3750625,0.10905255947203,0.00014001131057739258,8.12148448037644e-05,62.56000888443647,0.0007447312121509127,4842.231608841709,7312.5,1.8473226900159199,9.633372634494105,0.030300110377144203,0.14298182251326255,0.18384323718939383,0.6354418516111078
14,F03,test,173,red,8e-05,2,1.45,0.037872841413280366,8.00006091594696e-05,5.994871010650962e-05,56.01096092676304,0.0015828944401696833,4685.567800900977,7296.875,1.209096861909094,5.3917759660804485,0.02214603860837602,0.13161723531876668,0.24393443083610203,0.5957357594090571
15,M05,test,71,forward,0.0002,2,3.13,0.04855313203560781,0.00020000338554382324,0.000135302458865233,51.09823122404951,0.0027866885861452793,4572.456771530237,7234.375,2.9825065469028194,14.714478326647836,0.029806835191883423,0.1588170938391165,0.22158976181054302,0.5832668474553755
16,M03,test,237,light,0.0002,3,2.39,0.0644097814196254,0.00020000338554382324,0.0001303497484641834,53.876832557874025,0.002023757038002715,4708.151477732533,7312.5,2.2499938183953025,12.1290416610805,0.0242732562044361,0.16623810771936484,0.20461561859511077,0.5993712293028348
17,F01,dev,37,rake,0.0002,3,1.8171875,0.022925385285890405,0.00020000338554382324,0.00011677724194890007,45.85916858691051,0.005093796265259344,5022.324116876533,7500.0,4.173581858343516,17.356719431764915,0.02573602660778328,0.12279225296042591,0.19692915012091539,0.6470986937297571
18,M01,test,281,pit,0.00016,2,2.2244375,0.045446045698870056,0.0001600012183189392,0.00011085838383741498,52.25455115926144,0.0024393405880012856,4788.7384916102255,7390.625,3.007911549788163,10.44863703755054,0.02517715079171064,0.13644354678161558,0.2113881710191599,0.6196584834933575
19,M01,test,171,cart,0.00012,2,1.66125,0.07553067425846707,0.00011999999696854502,8.356896322925997e-05,59.12156694739111,0.001106424165409748,5308.662970871854,7484.375,2.238724707321308,8.509926278513245,0.023876445975001048,0.0957703753808059,0.13738488111258002,0.7358065319050556
20,M02,test,195,floor,0.00018,2,2.5171875,0.05190067314529681,0.0001800060272216797,0.00012641201421544906,52.26769278629181,0.0024356526910846894,4581.173297745607,7328.125,3.256723488125269,11.393185343865127,0.027937978258215153,0.14376405712882098,0.2444332298915318,0.5764329756932202
21,M05,test,98,here,0.00012,3,3.135,0.03477252765707927,0.0001200009137392044,7.073237149944954e-05,53.832360839299305,0.002034145236636235,4408.2306931753865,7171.875,2.012075154969555,10.081965271771182,0.02972198115014464,0.20238114953471265,0.19976946560580056,0.560708727771286
22,F03,test,16,white,8e-05,2,1.73,0.0999406829230044,8.000433444976807e-05,5.160227107704246e-05,65.74146993823621,0.0005163289820302461,4583.184272382811,7375.0,0.6035568019589865,1.6057984797803495,0.026938028682308282,0.17036377269473607,0.23236419071085726,0.5616049716571828
23,F03,test,112,left,0.0001,2,1.102375,0.02341804825179831,0.00010000169277191162,6.665343503036091e-05,50.91456321039197,0.002846242108380765,5054.0363738400665,7546.875,1.0801363726101154,4.635870151598619,0.02488311241398482,0.10364133599824649,0.2175715277348076,0.6474258596454542
24,M02,test,72,left,0.00018,3,1.6405625,0.08734221408134331,0.0001800060272216797,0.0001080722458932124,58.15020040121429,0.0012373426415840897,4818.616213887311,7359.375,2.257736557857131,9.045709156527233,0.021212045655190824,0.12644109709778398,0.21305736570824596,0.6303137222806945
25,M02,test,10,farm,0.0001,3,2.125375,0.050963389168026764,0.00010000169277191162,6.1875217605669e-05,58.314831249078445,0.001214111122038329,4523.650438760994,7203.125,1.7414600836614764,6.723369512671679,0.023907811768834428,0.14156860750526623,0.2600242698988037,0.5664378218318014
26,F03,test,12,write,8e-05,2,1.735,0.025002175784578674,8.00006091594696e-05,5.9064447048870066e-05,52.53303323496085,0.0023623722814276418,4958.885395829394,7484.375,1.4635929676498864,8.110448731709466,0.022719627990420484,0.12401578778496035,0.214083025417303,0.6326664944669427
27,M05,test,114,we're,0.0001,2,3.86,0.06839546736570748,0.00010000169277191162,6.731158173559475e-05,60.1387505103341,0.0009841526687095032,4821.207869985401,7328.125,1.7115322323261521,8.895284143996248,0.030560684528003517,0.15483874181551388,0.16684422208882627,0.6405537809525416
28,F01,dev,50,beta,8e-05,3,1.9344375,0.03590500838576285,8.000433444976807e-05,5.01142944509149e-05,57.10386824204778,0.0013957466298987512,4987.858370506542,7484.375,2.056406755463517,10.449379221821909,0.01986180539384848,0.11911962916600334,0.22596548765337446,0.6279868783376833
29,M01,test,14,the,0.0002,3,1.832875,0.06665940352593082,0.00020000338554382324,0.00011357245433269086,55.37176824252064,0.001703772436075139,5129.03089010396,7468.75,1.9488170394639794,7.7448048931401345,0.022425271476495447,0.1153538666421954,0.16443594993335348,0.6896282377073958
30,M01,test,137,ate,8e-05,2,1.994875,0.04431165378629884,8.00006091594696e-05,5.527188805621678e-05,58.08027317711239,0.001247344283803437,4769.485526325713,7421.875,1.543815110089464,5.990787927560674,0.028365711589548648,0.14302242345236232,0.20665399745787957,0.6148157269146013
31,M01,test,41,urgent,0.0002,2,2.0316875,0.12628881377329576,0.00020000338554382324,0.00013932278881188372,59.14685449694524,0.0011032076765087491,5265.8474645524975,7468.75,2.061516520720958,8.655460191395845,0.02249623818490641,0.08234416267887398,0.1550977285028599,0.7313107313723788
32,M02,test,209,pile,0.00014,2,2.4663125,0.05095874870179118,0.00014001131057739258,9.885774713023887e-05,54.244160924136494,0.0019399563303398786,4690.107987453022,7265.625,3.2221656370439824,10.841145116474994,0.025037471843254857,0.12872427057835964,0.23093932608628498,0.6076084203042679
33,M05,test,392,glitter,0.0002,2,3.65,0.05366084802033384,0.00020000338554382324,0.00014132206101488128,51.58895138423006,0.0026336158713207393,4546.5440753368375,7250.0,2.738663829253413,13.839752344791501,0.028106826141410513,0.15913478687421068,0.24260144471459585,0.5625800695484017
34,M05,test,188,rich,0.0002,2,3.61,0.07056107800976154,0.00020000338554382324,0.00014048777033343488,54.01853374546321,0.0019910094105138184,4531.714231715213,7250.0,2.9236647239481357,14.356708034388404,0.029502321083002225,0.18386818524751197,0.20446790979358306,0.574940084769044
35,F03,test,146,sigh,0.00014,2,0.826375,0.019109854448570593,0.0001400001347064972,9.785764531070756e-05,45.81325235703035,0.005120794905794129,4542.232336296578,7359.375,1.4048957225773813,5.994893493985761,0.02975750162582491,0.1493732690422732,0.2608635677699147,0.551463388787314
36,F03,test,90,jagged,8e-05,2,1.28375,0.020950850004328985,8.00006091594696e-05,6.003407614052754e-05,50.85607631750814,0.002865472099133112,4764.544422882301,7437.5,1.0915851996026336,4.369349747362723,0.02100306462256624,0.09360074630115751,0.30688485797011,0.5712637685579672
37,M02,test,157,boot,8e-05,3,2.6951875,0.02644816759642545,8.000433444976807e-05,4.5144070923805064e-05,55.355897374103016,0.001706888417097993,4485.732484403201,7156.25,1.96030238480365,6.845998047745509,0.027673712629355474,0.14516897505146975,0.2507999082652733,0.5691865509423636
38,M04,test,105,corn,0.00014,3,2.86,0.11676216592787032,0.00014001131057739258,7.729220264190013e-05,63.58332917384823,0.0006619627344841075,4563.403200135692,7218.75,1.4864272363327875,7.072529943435663,0.023887512545378686,0.1371996619659319,0.2648465512314905,0.5672789388247974
39,F04,dev,190,barn,0.00014,3,2.54,0.26977179055340345,0.00014001131057739258,7.781295897784614e-05,70.79889208052764,0.0002884399396179359,4157.1652971366575,7062.5,0.6103481249081494,1.5984781091878406,0.030835285872066468,0.21585995745755682,0.25008396095881547,0.4967974172077855
40,F03,test,192,knew,0.00012,2,1.1959375,0.01939125586987907,0.0001200009137392044,8.655395141189828e-05,47.00638075265787,0.004463555738354457,4977.115981130215,7453.125,1.6680383504427783,6.31758068587191,0.021303252013496622,0.10075144634516646,0.2320656576079019,0.639646968305052
41,M02,test,119,two,8e-05,2,1.711625,0.042139757341055246,8.000433444976807e-05,5.531278608630687e-05,57.637329922754866,0.0013126033365269908,4298.27614224754,7140.625,1.8916931179656813,7.052183391167719,0.026808496352182343,0.18995255355101395,0.25354858559707,0.5228012941272145
42,M01,test,44,back,8e-05,2,1.3904375,0.06279270772852426,8.00006091594696e-05,5.7696494448081516e-05,60.735195681998384,0.0009188406828628011,5315.103905084892,7500.0,1.0282947134822584,4.323063049750997,0.021161886760512446,0.09234410809944683,0.1508136619226972,0.7286613470530515
43,M01,test,79,pat,0.00016,2,1.594625,0.1484785093233163,0.0001600012183189392,0.00011991969701929576,61.855461522711146,0.0008076569300555619,5257.046218906363,7453.125,1.6786771250333266,7.142001128397167,0.022560859195779114,0.09990529172888782,0.15453153705682532,0.7156455268779361
44,M05,test,296,up,0.00018,3,2.495,0.056598176164072374,0.0001800060272216797,0.00010341124162405187,54.76469367992767,0.0018271126144466768,4671.36114557044,7343.75,2.8346843422393753,14.627339910326594,0.02691713394617558,0.17590541407459967,0.19273509335022007,0.5966455330507544
45,M02,test,85,white,0.00012,2,2.42,0.16921007530950882,0.0001200009137392044,9.08131888352995e-05,65.40554585791412,0.0005366890161191024,4648.429611394933,7203.125,1.1687333913956885,5.091065105964631,0.020386496470454093,0.13376710247144025,0.25939715569214594,0.578839023691114
46,M05,test,228,seven,0.0002,3,2.78,0.05880935284186458,0.00020000338554382324,0.00011461203072717622,54.20432385516517,0.0019488742043355291,4228.666579258736,7078.125,2.4615434551948625,11.884594046880087,0.0315848650202018,0.21398107078680642,0.22322586089649507,0.5240537629944646
47,M05,test,309,zip,0.00018,3,2.81,0.03667354099383469,0.0001800060272216797,9.953411229415413e-05,51.327617951036295,0.0027140578628850466,4016.3284468978773,6906.25,2.4656098002669067,11.435857804468093,0.03152974472769516,0.20883418579014706,0.2760125875937638,0.4762406170834344
48,M05,test,294,sierra,8e-05,2,3.1,0.04884616605288367,8.000433444976807e-05,5.1663258331715215e-05,59.51297376900563,0.0010576727409021538,4435.476905707175,7125.0,1.2222968457701637,5.99171201825911,0.03562807999390893,0.17466126170225635,0.21379071572321753,0.5689988123528179
49,M01,test,12,sip,0.0001,3,1.646875,0.09640433200930577,0.00010000169277191162,4.900346793748497e-05,65.87739467853672,0.000508311887195637,4820.6682263281555,7453.125,0.7337998500819054,3.280624974993415,0.037167298880156456,0.15235233333061204,0.17373387677932445,0.6283537561319843
